gma_chunk_000| Happy D-A-L-K! Our rules and laws. Andrea.
gma_chunk_001| And on her breakfast first, she came to grab some food, and I didn't see her come, and I was like, oh, yes. Yeah, but she didn't bring her present.
gma_chunk_002| She left her present in the garbage can in your bathroom.
gma_chunk_003| I'll take her to any place. Any place. The happiest day of my life.
gma_chunk_004| My husband is Brucey and my granddaughter is Brucey Martin. All of this is another thing.
gma_chunk_005| I think it's a better option. For a job, strengthen these blade muscles. I'd hike down the Great Canyon in eight hours.
gma_chunk_006| It's up and down and up and eight. And I think that's pretty good for a radio show.
gma_chunk_007| That building is going to be completed and will be dedicated February 19th. It's Clifford James Specialty.
gma_chunk_008| I was chairperson through our valley celebration for the United Nations 40th anniversary.
gma_chunk_009| And my great speaker for Moomooch Women Voters and Naces is Mrs. Barbara Harris with her
gma_chunk_010| with her daughter, beautiful daughter, the future of America, Andrea Rose. And she gave a speech to Mayor...
gma_chunk_011| The mayor accepted the UN flag and flew over the city all in a jocular, exciting country. The UN flag was won by the mayor's youth camp.
gma_chunk_012| The Mayer Youth Community, Singletary Community Center, moved down to Phoenix, and the I had a very eventful year.
gma_chunk_013| I had a very eventful year. I still continued to get on my master's day at the year school. And got out all my surveys. 1,100.
gma_chunk_014| I've got 390 back of surveys for my thesis.
gma_chunk_015| is health education in the elementary school American American. And I'll get this. Doing the program.
gma_chunk_016| programming it and that while you do this, I shall graduate. Thank you so much.
gma_chunk_017| I've always wanted to teach people. I really think it's very interesting. It's like, really, really interesting. Why?
gma_chunk_018| How old are you now, Ma? How old are you now, Ma? How old are you now, Ma? How old are you now, Ma? I'm fifty!
gma_chunk_020| Where do you work? I am a lawyer. Where do you work? My kids brought me to the church.
gma_chunk_021| And then, but not just breakfast, they brought the streamers who were on the train, and a camera...
gma_chunk_022| and a camera in an old hoard, and a kitty cuddling with it. It's sick. Y'all say happy birthday. Chocolate covered strawberries.
gma_chunk_023| English Muffins, Star-O-Fred, two eggs, a whole half a common vegan, whole grapefruit with a sparkly...
gma_chunk_024| with a sparkler in it, a cranberry tree, I think there's enough to eat all day. And then maybe eat the whole facility.
gma_chunk_025| I can get any gift for you. Who's the birthday girl? Who's the birthday girl? All the good birthday...
gma_chunk_026| All of the birthday celebrations she's given all of us. Yeah. Let's give her a present. Happy birthday. Happy birthday. Here, here, here, here. Thank you. Thank you. Thank you. Thank you. Thank you.
gma_chunk_027| We're accepting you to the Arizona State University. Hooray! Woo! Yeah!
gma_chunk_028| I can't. There's going to be an egg here. Okay, now a speech. Take that. Follow.
gma_chunk_029| Oh, I forgot what you left. Thank you. He's in the schools, the mayor, and the city council, and I had a chance. I never know what it was like.
gma_chunk_030| This is the year. This is the year of the youth.
gma_chunk_031| You all over the world are planting trees in different countries. So I have the Mayor's Youth Committee to plant 8 trees in New York City.
gma_chunk_032| Yeah, here at the car park. Right now I'm used to driving the freeway. If you drive by, then you'll look left over. You'll look right. And, and uh, I hear a chee-
gma_chunk_033| I had a chance to see that. I just gave out a little award. I bet it's a lot of money. I'm so mad right now. Stick up for United Nations this year.
gma_chunk_034| It's the 40th anniversary and I am in charge of the celebration of the Metro Phoenix's celebration. So here's to you and...
gma_chunk_035| So here's to you and Yahoo! Happy birthday dear mom!
gma_chunk_036| Happy birthday to you, mother. Happy birthday to you.
gma_chunk_037| and then he's gone birthday's gone but one's so near so we said
gma_chunk_038| We say this message to you. Happy birthday to you. Happy birthday, mom.
gma_chunk_040| And may the dear Father, and every other, have a beautiful birthday and happy birthday.
gma_chunk_043| Come on, Dale! Come on, Dale! Come on, Dale! Come on, Dale! Let's eat!
gma_chunk_044| Let T-shirt night at the air and say!
gma_chunk_045| Thank you.
gma_chunk_046| I'm a math student, a science student, and a health person. I don't have a job, but I'm looking for a job. You can work late, but I'm home early.
gma_chunk_047| I'm home early and Nipah has been up late. Oh, ma. Well, I can remember the day you were born, the blues in Chicago. And Mark, damn.
gma_chunk_048| Yeah, my dad was doing 360s by now. Uh-huh. And then he said, should we do a lot of these? Doctor hit mom. 350. You have a doctor at your mom. Yeah.
gma_chunk_049| No, I just... Daddy came in just a text you've won. He has another little baby over at the children's...
gma_chunk_050| of children, high school, and just taking care of them. And walking, just searching for these ones. Literally what you call it, it's just what I thought.